pitch,roll,y,z,spot
-0.18153,0.00412,3.8327398,1.8813189,0
-0.17837,0.00361,3.8327398,1.8813189,0
-0.17535,0.00309,3.8327398,1.8813189,0
-0.17227,0.0027,3.8327398,1.8813189,0
-0.16918,0.00231,3.8327398,1.8813189,0
-0.16585,0.00151,3.8327398,1.8813189,0
-0.16245,5.3E-4,4.678174,1.650872,0
1.10253,-0.3004,4.678174,1.650872,0
1.10508,-0.30156,4.678174,1.650872,0
1.10524,-0.29955,4.678174,1.650872,0
1.10486,-0.29666,4.678174,1.650872,0
1.10475,-0.29466,4.678174,1.650872,0
1.10515,-0.2933,4.678174,1.650872,0
1.10608,-0.29207,4.678174,1.650872,0
1.10708,-0.29094,4.678174,1.650872,0
1.10815,-0.29039,4.678174,1.650872,0
1.10929,-0.28998,4.678174,1.650872,0
1.11084,-0.29009,4.678174,1.650872,0
1.1126,-0.29037,4.678174,1.650872,0
1.11462,-0.29024,4.678174,1.650872,0
1.11638,-0.28954,4.678174,1.650872,0
1.11748,-0.28897,4.678174,1.650872,0
1.11827,-0.28862,4.678174,1.650872,0
1.11928,-0.28805,4.678174,1.650872,0
1.1202,-0.28759,4.678174,1.650872,0
1.12109,-0.28772,4.678174,1.650872,0
1.12197,-0.28821,4.678174,1.650872,0
1.12305,-0.28892,4.678174,1.650872,0
1.12439,-0.28995,4.678174,1.650872,0
1.12588,-0.29111,4.678174,1.650872,0
1.12699,-0.29183,4.678174,1.650872,0
1.12779,-0.29165,4.678174,1.650872,0
1.12858,-0.2913,4.678174,1.650872,0
1.12913,-0.29113,4.678174,1.650872,0
1.12956,-0.29043,4.678174,1.650872,0
1.12945,-0.28924,4.678174,1.650872,0
1.12819,-0.28754,4.678174,1.650872,0
1.12713,-0.28672,4.678174,1.650872,0
1.12576,-0.28605,4.678174,1.650872,0
1.12486,-0.28592,4.678174,1.650872,0
1.12449,-0.28659,4.678174,1.650872,0
1.12469,-0.28735,4.678174,1.650872,0
1.12474,-0.28835,4.678174,1.650872,0
1.12481,-0.28942,4.678174,1.650872,0
1.12492,-0.29064,4.678174,1.650872,0
1.1249,-0.2918,4.678174,1.650872,0
1.12501,-0.29225,4.678174,1.650872,0
1.12516,-0.29232,4.678174,1.650872,0
1.12518,-0.29243,4.678174,1.650872,0
1.12533,-0.29224,4.678174,1.650872,0
1.12543,-0.29215,4.678174,1.650872,0
1.12583,-0.29234,4.678174,1.650872,0
1.12651,-0.29294,4.678174,1.650872,0
1.12736,-0.29335,4.678174,1.650872,0
1.12811,-0.29389,4.678174,1.650872,0
1.12884,-0.2943,4.678174,1.650872,0
1.12907,-0.29493,4.678174,1.650872,0
1.12919,-0.29546,4.678174,1.650872,0
1.12917,-0.29558,4.678174,1.650872,0
1.12912,-0.29535,4.678174,1.650872,0
1.12911,-0.29472,4.678174,1.650872,0
1.12921,-0.29369,4.678174,1.650872,0
1.12939,-0.29265,4.678174,1.650872,0
1.1296,-0.29171,4.678174,1.650872,0
1.13012,-0.29052,4.678174,1.650872,0
1.1309,-0.28971,4.678174,1.650872,0
1.13177,-0.28902,4.678174,1.650872,0
1.13253,-0.28782,4.678174,1.650872,0
1.13291,-0.28626,4.678174,1.650872,0
1.13298,-0.28566,4.678174,1.650872,0
1.1329,-0.2848,4.678174,1.650872,0
1.13285,-0.28373,4.678174,1.650872,0
1.13298,-0.28305,4.678174,1.650872,0
1.13329,-0.28325,4.678174,1.650872,0
1.13341,-0.28376,4.678174,1.650872,0
1.13364,-0.28367,4.678174,1.650872,0
1.13372,-0.28378,4.678174,1.650872,0
1.13354,-0.28374,4.678174,1.650872,0
1.13357,-0.28316,4.678174,1.650872,0
1.13369,-0.28265,4.678174,1.650872,0
1.13379,-0.28203,4.678174,1.650872,0
1.13404,-0.28139,4.678174,1.650872,0
1.13462,-0.28094,4.678174,1.650872,0
1.13569,-0.28118,4.678174,1.650872,0
1.13688,-0.28134,4.678174,1.650872,0
1.13733,-0.28152,4.678174,1.650872,0
1.13749,-0.28192,4.678174,1.650872,0
1.13751,-0.2825,4.678174,1.650872,0
1.13747,-0.28279,4.678174,1.650872,0
1.13741,-0.28267,4.678174,1.650872,0
1.1373,-0.28228,4.678174,1.650872,0
1.13717,-0.28163,4.678174,1.650872,0
1.13713,-0.28082,4.678174,1.650872,0
1.13732,-0.28033,4.678174,1.650872,0
1.13766,-0.27991,4.678174,1.650872,0
1.13774,-0.27929,4.678174,1.650872,0
1.13754,-0.27893,4.678174,1.650872,0
1.13729,-0.27843,4.678174,1.650872,0
1.13733,-0.27811,4.678174,1.650872,0
1.13746,-0.2779,4.678174,1.650872,0
1.13743,-0.27769,4.678174,1.650872,0
1.13735,-0.27811,4.678174,1.650872,0
1.13761,-0.27899,4.678174,1.650872,0
1.13798,-0.27985,4.678174,1.650872,0
1.13853,-0.28056,4.678174,1.650872,0
1.13929,-0.28202,4.678174,1.650872,0
1.1403,-0.28396,4.678174,1.650872,0
1.14142,-0.28564,4.678174,1.650872,0
1.14237,-0.28698,4.678174,1.650872,0
1.14314,-0.2881,4.678174,1.650872,0
1.14362,-0.28821,4.678174,1.650872,0
1.14376,-0.28767,4.678174,1.650872,0
1.14368,-0.28662,4.678174,1.650872,0
1.14346,-0.28571,4.678174,1.650872,0
1.14314,-0.28479,4.678174,1.650872,0
1.14299,-0.28412,4.678174,1.650872,0
1.14305,-0.28374,4.678174,1.650872,0
1.14331,-0.28359,4.678174,1.650872,0
1.14351,-0.28356,4.678174,1.650872,0
1.14366,-0.2833,4.678174,1.650872,0
1.14388,-0.28289,4.678174,1.650872,0
1.14389,-0.28222,4.678174,1.650872,0
1.14371,-0.28156,4.678174,1.650872,0
1.14372,-0.28063,4.678174,1.650872,0
1.14366,-0.27961,4.678174,1.650872,0
1.14384,-0.27857,4.678174,1.650872,0
1.14413,-0.27789,4.678174,1.650872,0
1.14459,-0.27744,4.678174,1.650872,0
1.14517,-0.27722,4.678174,1.650872,0
1.14589,-0.27702,4.678174,1.650872,0
1.14661,-0.27697,4.678174,1.650872,0
1.14736,-0.27699,4.678174,1.650872,0
1.1478,-0.27666,4.678174,1.650872,0
1.14824,-0.27667,4.678174,1.650872,0
1.14882,-0.2772,4.678174,1.650872,0
1.14926,-0.27725,4.678174,1.650872,0
1.14966,-0.27725,4.678174,1.650872,0
1.1501,-0.27779,4.678174,1.650872,0
1.15039,-0.27859,4.678174,1.650872,0
1.15066,-0.27909,4.678174,1.650872,0
1.15088,-0.27911,4.678174,1.650872,0
1.15101,-0.27936,4.678174,1.650872,0
1.15099,-0.2793,4.678174,1.650872,0
1.15078,-0.27899,4.678174,1.650872,0
1.15048,-0.27841,4.678174,1.650872,0
1.15037,-0.27808,4.678174,1.650872,0
1.15043,-0.27767,4.678174,1.650872,0
1.15055,-0.27734,4.678174,1.650872,0
1.1508,-0.27744,4.678174,1.650872,0
1.15106,-0.27742,4.678174,1.650872,0
1.15143,-0.27789,4.678174,1.650872,0
1.15182,-0.27878,4.678174,1.650872,0
1.15211,-0.27954,4.678174,1.650872,0
1.15225,-0.27983,4.678174,1.650872,0
1.15233,-0.27989,4.678174,1.650872,0
1.15237,-0.28009,4.678174,1.650872,0
1.15236,-0.28021,4.678174,1.650872,0
1.15239,-0.2803,4.678174,1.650872,0
1.15244,-0.27989,4.678174,1.650872,0
1.15258,-0.27927,4.678174,1.650872,0
1.15265,-0.27876,4.678174,1.650872,0
1.15266,-0.27823,4.678174,1.650872,0
1.15242,-0.27793,4.678174,1.650872,0
1.15212,-0.27793,4.678174,1.650872,0
1.15187,-0.27876,4.678174,1.650872,0
1.15187,-0.27959,4.678174,1.650872,0
1.15209,-0.2798,4.678174,1.650872,0
1.15245,-0.28036,4.678174,1.650872,0
1.15293,-0.28104,4.678174,1.650872,0
1.15344,-0.28159,4.678174,1.650872,0
1.15379,-0.28182,4.678174,1.650872,0
1.15392,-0.28263,4.678174,1.650872,0
1.15401,-0.28341,4.678174,1.650872,0
1.15403,-0.28396,4.678174,1.650872,0
1.15408,-0.28466,4.678174,1.650872,0
1.15433,-0.28494,4.678174,1.650872,0
1.15449,-0.28481,4.678174,1.650872,0
1.15475,-0.28447,4.678174,1.650872,0
1.15688,-0.27832,4.678174,1.650872,0
1.15705,-0.2779,4.678174,1.650872,0
1.1573,-0.27721,4.678174,1.650872,0
1.15739,-0.27647,4.678174,1.650872,0
1.1571,-0.27567,4.678174,1.650872,0
1.15651,-0.27476,4.678174,1.650872,0
1.15572,-0.27355,4.678174,1.650872,0
1.15521,-0.2734,4.678174,1.650872,0
1.15508,-0.27321,4.678174,1.650872,0
1.15517,-0.2734,4.678174,1.650872,0
1.15553,-0.27383,4.678174,1.650872,0
1.15615,-0.27459,4.678174,1.650872,0
1.15674,-0.27534,4.678174,1.650872,0
1.15726,-0.27571,4.678174,1.650872,0
1.1575,-0.27602,4.678174,1.650872,0
1.15773,-0.27675,4.678174,1.650872,0
1.15783,-0.27724,4.678174,1.650872,0
1.1578,-0.27748,4.678174,1.650872,0
1.15758,-0.27795,4.678174,1.650872,0
1.15743,-0.27796,4.678174,1.650872,0
1.15733,-0.27744,4.678174,1.650872,0
1.15738,-0.27701,4.678174,1.650872,0
1.15761,-0.27647,4.678174,1.650872,0
1.15807,-0.27622,4.678174,1.650872,0
1.15845,-0.27598,4.678174,1.650872,0
1.15894,-0.27598,4.678174,1.650872,0
1.15937,-0.27558,4.678174,1.650872,0
1.1597,-0.27482,4.678174,1.650872,0
1.15999,-0.27393,4.678174,1.650872,0
1.16022,-0.27311,4.678174,1.650872,0
1.16049,-0.27246,4.678174,1.650872,0
1.16069,-0.27169,4.678174,1.650872,0
1.16097,-0.27094,4.678174,1.650872,0
1.16137,-0.27018,4.678174,1.650872,0
1.16158,-0.26906,4.678174,1.650872,0
1.16175,-0.26807,4.678174,1.650872,0
1.16192,-0.26671,4.678174,1.650872,0
1.16196,-0.26547,4.678174,1.650872,0
1.16183,-0.26456,4.678174,1.650872,0
1.16165,-0.26404,4.678174,1.650872,0
1.16138,-0.263,4.678174,1.650872,0
1.16105,-0.26188,4.678174,1.650872,0
1.16079,-0.26128,4.678174,1.650872,0
1.16057,-0.26106,4.678174,1.650872,0
1.16047,-0.26077,4.678174,1.650872,0
1.16029,-0.26034,4.678174,1.650872,0
1.16032,-0.25985,4.678174,1.650872,0
1.16023,-0.25916,4.678174,1.650872,0
1.15974,-0.25816,4.678174,1.650872,0
1.15889,-0.25704,4.678174,1.650872,0
1.15817,-0.25598,4.678174,1.650872,0
1.15769,-0.25488,4.678174,1.650872,0
1.15741,-0.25404,4.678174,1.650872,0
1.15734,-0.2538,4.678174,1.650872,0
1.15743,-0.25369,4.678174,1.650872,0
1.15754,-0.25402,4.678174,1.650872,0
1.1578,-0.25428,4.678174,1.650872,0
1.1581,-0.25463,4.678174,1.650872,0
1.15841,-0.25468,4.678174,1.650872,0
1.15885,-0.2547,4.678174,1.650872,0
1.15933,-0.2545,4.678174,1.650872,0
1.15971,-0.25403,4.678174,1.650872,0
1.16013,-0.25336,4.678174,1.650872,0
1.1605,-0.25267,4.678174,1.650872,0
1.16075,-0.25218,4.678174,1.650872,0
1.16093,-0.25133,4.678174,1.650872,0
1.16104,-0.25042,4.678174,1.650872,0
1.16109,-0.24957,4.678174,1.650872,0
1.16107,-0.24851,4.678174,1.650872,0
1.16075,-0.247,4.678174,1.650872,0
1.16018,-0.2455,4.678174,1.650872,0
1.15908,-0.2433,4.678174,1.650872,0
1.15757,-0.24133,4.678174,1.650872,0
1.15615,-0.23945,4.678174,1.650872,0
1.1552,-0.23786,4.678174,1.650872,0
1.15441,-0.23598,4.678174,1.650872,0
1.15353,-0.2338,4.678174,1.650872,0
1.15255,-0.23099,4.678174,1.650872,0
1.15171,-0.22788,4.678174,1.650872,0
1.15071,-0.22487,4.678174,1.650872,0
1.14955,-0.22206,4.678174,1.650872,0
1.1479,-0.21926,4.678174,1.650872,0
1.14629,-0.21685,4.678174,1.650872,0
1.14471,-0.21567,4.678174,1.650872,0
1.1435,-0.21507,4.678174,1.650872,0
1.14284,-0.21453,4.678174,1.650872,0
1.14235,-0.21435,4.678174,1.650872,0
1.14218,-0.2145,4.678174,1.650872,0
1.14204,-0.21414,4.678174,1.650872,0
1.14208,-0.21347,4.678174,1.650872,0
1.14214,-0.21304,4.678174,1.650872,0
1.14177,-0.21283,4.678174,1.650872,0
1.14115,-0.21268,4.678174,1.650872,0
1.14053,-0.21261,4.678174,1.650872,0
1.14002,-0.21229,4.678174,1.650872,0
1.13927,-0.21202,4.678174,1.650872,0
1.1384,-0.21181,4.678174,1.650872,0
1.13781,-0.21188,4.678174,1.650872,0
1.13745,-0.21207,4.678174,1.650872,0
1.13733,-0.21183,4.678174,1.650872,0
1.13713,-0.21151,4.678174,1.650872,0
1.13704,-0.21087,4.678174,1.650872,0
1.13686,-0.21017,4.678174,1.650872,0
1.13684,-0.20989,4.678174,1.650872,0
1.1368,-0.21013,4.678174,1.650872,0
1.13685,-0.21043,4.678174,1.650872,1
1.13698,-0.21034,4.678174,1.650872,1
1.13734,-0.21049,4.678174,1.650872,1
1.13789,-0.21085,4.678174,1.650872,1
1.13836,-0.2109,4.678174,1.650872,1
1.19293,-0.17401,4.678174,1.650872,1
1.19299,-0.17332,4.678174,1.650872,1
1.19311,-0.17286,4.678174,1.650872,1
1.19308,-0.17216,4.678174,1.650872,1
1.19334,-0.17123,4.678174,1.650872,1
1.19368,-0.17043,4.678174,1.650872,1
1.19384,-0.16969,4.678174,1.650872,1
1.19396,-0.17026,4.678174,1.650872,1
1.19426,-0.1703,4.678174,1.650872,1
1.19456,-0.17017,4.678174,1.650872,1
1.19473,-0.17064,4.678174,1.650872,1
1.1949,-0.17102,4.678174,1.650872,1
1.19514,-0.16982,4.678174,1.650872,1
1.19526,-0.16801,4.678174,1.650872,1
1.19524,-0.16629,4.678174,1.650872,1
1.19534,-0.16516,4.678174,1.650872,1
1.19547,-0.16345,4.678174,1.650872,1
1.19564,-0.16239,4.678174,1.650872,1
1.19556,-0.16197,4.678174,1.650872,1
1.19575,-0.16157,4.678174,1.650872,1
1.196,-0.16114,4.678174,1.650872,1
1.19623,-0.1617,4.678174,1.650872,1
1.19655,-0.16267,4.678174,1.650872,1
1.19687,-0.16337,4.678174,1.650872,1
1.19706,-0.16431,4.678174,1.650872,1
1.19668,-0.16526,4.678174,1.650872,1
1.19609,-0.16621,4.678174,1.650872,1
1.19533,-0.16598,4.678174,1.650872,1
1.19468,-0.16504,4.678174,1.650872,1
1.1942,-0.16401,4.678174,1.650872,1
1.19393,-0.16282,4.678174,1.650872,1
1.19383,-0.16187,4.678174,1.650872,1
1.19376,-0.16153,4.678174,1.650872,1
1.19384,-0.16167,4.678174,1.650872,1
1.19408,-0.16203,4.678174,1.650872,1
1.19436,-0.16233,4.678174,1.650872,1
1.19439,-0.16314,4.678174,1.650872,1
1.19427,-0.1635,4.678174,1.650872,1
1.19406,-0.16354,4.678174,1.650872,1
1.19396,-0.16325,4.678174,1.650872,1
1.19385,-0.16214,4.678174,1.650872,1
1.19368,-0.16117,4.678174,1.650872,1
1.19362,-0.16156,4.678174,1.650872,1
1.19377,-0.16161,4.678174,1.650872,1
1.19401,-0.16158,4.678174,1.650872,1
1.1943,-0.16214,4.678174,1.650872,1
1.19467,-0.163,4.678174,1.650872,1
1.19501,-0.16317,4.678174,1.650872,1
1.19524,-0.16331,4.678174,1.650872,1
1.1953,-0.16338,4.678174,1.650872,1
1.19524,-0.16332,4.678174,1.650872,1
1.19518,-0.16266,4.678174,1.650872,1
1.19515,-0.16221,4.678174,1.650872,1
1.19509,-0.16181,4.678174,1.650872,1
1.19519,-0.16141,4.678174,1.650872,1
1.19564,-0.16131,4.678174,1.650872,1
1.1963,-0.16205,4.678174,1.650872,1
1.197,-0.16312,4.678174,1.650872,1
1.19769,-0.16419,4.678174,1.650872,1
1.1982,-0.16451,4.678174,1.650872,1
1.19834,-0.16487,4.678174,1.650872,1
1.19812,-0.16476,4.678174,1.650872,1
1.19778,-0.16421,4.678174,1.650872,1
1.19749,-0.16354,4.678174,1.650872,1
1.19718,-0.16294,4.678174,1.650872,1
1.19701,-0.16226,4.678174,1.650872,1
1.19709,-0.16173,4.678174,1.650872,1
1.19738,-0.16141,4.678174,1.650872,1
1.19772,-0.16123,4.678174,1.650872,1
1.198,-0.16103,4.678174,1.650872,1
1.19691,-0.15701,4.678174,1.650872,1
1.19684,-0.1573,4.678174,1.650872,1
1.19701,-0.15771,4.678174,1.650872,1
1.19735,-0.15833,4.678174,1.650872,1
1.19772,-0.15872,4.678174,1.650872,1
1.19776,-0.15877,4.678174,1.650872,1
1.19772,-0.1584,4.678174,1.650872,1
1.19757,-0.15766,4.678174,1.650872,1
1.19725,-0.15747,4.678174,1.650872,1
1.19695,-0.15739,4.678174,1.650872,1
1.19653,-0.15725,4.678174,1.650872,1
1.19615,-0.15687,4.678174,1.650872,1
1.19573,-0.15641,4.678174,1.650872,1
1.19539,-0.155,4.678174,1.650872,1
1.19458,-0.15311,4.678174,1.650872,1
1.19337,-0.15105,4.678174,1.650872,1
1.19189,-0.15088,4.678174,1.650872,1
1.19056,-0.15044,4.678174,1.650872,1
1.18959,-0.14959,4.678174,1.650872,1
1.18895,-0.14929,4.678174,1.650872,1
1.18867,-0.14941,4.678174,1.650872,1
1.18856,-0.14942,4.678174,1.650872,1
1.18844,-0.14897,4.678174,1.650872,1
1.18827,-0.14817,4.678174,1.650872,1
1.18804,-0.14717,4.678174,1.650872,1
1.18785,-0.14531,4.678174,1.650872,1
1.18764,-0.14322,4.678174,1.650872,1
1.18732,-0.14202,4.678174,1.650872,1
1.18712,-0.14129,4.678174,1.650872,1
1.18712,-0.14072,4.678174,1.650872,1
1.18734,-0.14057,4.678174,1.650872,1
1.18774,-0.14081,4.678174,1.650872,1
1.18809,-0.14148,4.678174,1.650872,1
1.18842,-0.14245,4.678174,1.650872,1
1.18863,-0.14321,4.678174,1.650872,1
1.18876,-0.14303,4.678174,1.650872,1
1.18872,-0.14236,4.678174,1.650872,1
1.18841,-0.14123,4.678174,1.650872,1
1.18826,-0.14008,4.678174,1.650872,1
1.18814,-0.13936,4.678174,1.650872,1
1.18796,-0.13889,4.678174,1.650872,1
1.18802,-0.13899,4.678174,1.650872,1
1.18837,-0.13913,4.678174,1.650872,1
1.18877,-0.13886,4.678174,1.650872,1
1.189,-0.13815,4.678174,1.650872,1
1.1892,-0.13684,4.678174,1.650872,1
1.18935,-0.13571,4.678174,1.650872,1
1.18933,-0.13633,4.678174,1.650872,1
1.18937,-0.13693,4.678174,1.650872,1
1.18958,-0.13704,4.678174,1.650872,1
1.18991,-0.1381,4.678174,1.650872,1
1.19046,-0.13902,4.678174,1.650872,1
1.19099,-0.13936,4.678174,1.650872,1
1.19132,-0.13922,4.678174,1.650872,1
1.19145,-0.13898,4.678174,1.650872,1
1.19139,-0.13901,4.678174,1.650872,1
1.19125,-0.13837,4.678174,1.650872,1
1.19097,-0.13784,4.678174,1.650872,1
1.1906,-0.1371,4.678174,1.650872,1
1.19025,-0.13556,4.678174,1.650872,1
1.18999,-0.1334,4.678174,1.650872,1
1.18977,-0.13171,4.678174,1.650872,1
1.18984,-0.131,4.678174,1.650872,1
1.19019,-0.1313,4.678174,1.650872,1
1.19067,-0.13229,4.678174,1.650872,1
1.19125,-0.13325,4.678174,1.650872,1
1.19165,-0.134,4.678174,1.650872,1
1.19203,-0.13476,4.678174,1.650872,1
1.1924,-0.13522,4.678174,1.650872,1
1.19251,-0.13504,4.678174,1.650872,1
1.1923,-0.13476,4.678174,1.650872,1
1.19207,-0.13421,4.678174,1.650872,1
1.19174,-0.13386,4.678174,1.650872,1
1.19161,-0.13385,4.678174,1.650872,1
1.19161,-0.13411,4.678174,1.650872,1
1.19178,-0.13448,4.678174,1.650872,1
1.19218,-0.13468,4.678174,1.650872,1
1.19261,-0.1343,4.678174,1.650872,1
1.193,-0.13451,4.678174,1.650872,1
1.19329,-0.1359,4.678174,1.650872,1
1.19365,-0.13644,4.678174,1.650872,1
1.19384,-0.13661,4.678174,1.650872,1
1.19401,-0.1375,4.678174,1.650872,1
1.19429,-0.13819,4.678174,1.650872,1
1.19444,-0.13807,4.678174,1.650872,1
1.19451,-0.1371,4.678174,1.650872,1
1.1945,-0.13652,4.678174,1.650872,1
1.19458,-0.13601,4.678174,1.650872,1
1.19467,-0.13503,4.678174,1.650872,1
1.19468,-0.13431,4.678174,1.650872,1
1.1947,-0.13413,4.678174,1.650872,1
1.19477,-0.13328,4.678174,1.650872,1
1.19486,-0.13232,4.678174,1.650872,1
1.19521,-0.13184,4.678174,1.650872,1
1.19565,-0.13154,4.678174,1.650872,1
1.1961,-0.13104,4.678174,1.650872,1
1.19649,-0.13081,4.678174,1.650872,1
1.19662,-0.13033,4.678174,1.650872,1
1.19667,-0.12962,4.678174,1.650872,1
1.19669,-0.12863,4.678174,1.650872,1
1.19682,-0.12774,4.678174,1.650872,1
1.19692,-0.12685,4.678174,1.650872,1
1.19692,-0.12634,4.678174,1.650872,1
1.19689,-0.12547,4.678174,1.650872,1
1.19699,-0.12457,4.678174,1.650872,1
1.19698,-0.12369,4.678174,1.650872,1
1.19695,-0.12287,4.678174,1.650872,1
1.1969,-0.12198,4.678174,1.650872,1
1.19709,-0.12087,4.678174,1.650872,1
1.19719,-0.11943,4.678174,1.650872,1
1.19722,-0.11834,4.678174,1.650872,1
1.19733,-0.11756,4.678174,1.650872,1
1.19728,-0.11655,4.678174,1.650872,1
1.19716,-0.11597,4.678174,1.650872,1
1.19728,-0.11631,4.678174,1.650872,1
1.1977,-0.11627,4.678174,1.650872,1
1.19816,-0.11642,4.678174,1.650872,1
1.19875,-0.11735,4.678174,1.650872,1
1.19947,-0.11846,4.678174,1.650872,1
1.19998,-0.11898,4.678174,1.650872,1
1.20026,-0.11941,4.678174,1.650872,1
1.20048,-0.11917,4.678174,1.650872,1
1.20058,-0.11895,4.678174,1.650872,1
1.2006,-0.11773,4.678174,1.650872,1
1.20035,-0.11687,4.678174,1.650872,1
1.20008,-0.11598,4.678174,1.650872,1
1.19991,-0.11525,4.678174,1.650872,1
1.19993,-0.11517,4.678174,1.650872,1
1.20019,-0.1165,4.678174,1.650872,1
1.20051,-0.11835,4.678174,1.650872,1
1.20087,-0.11966,4.678174,1.650872,1
1.2012,-0.12115,4.678174,1.650872,1
1.20148,-0.12281,4.678174,1.650872,1
1.20163,-0.12401,4.678174,1.650872,1
1.20188,-0.12447,4.678174,1.650872,1
1.20212,-0.12526,4.678174,1.650872,1
1.20231,-0.12545,4.678174,1.650872,1
1.20261,-0.12488,4.678174,1.650872,1
1.2028,-0.12433,4.678174,1.650872,1
1.20295,-0.12348,4.678174,1.650872,1
1.20303,-0.12292,4.678174,1.650872,1
1.20297,-0.1225,4.678174,1.650872,1
1.203,-0.12252,4.678174,1.650872,1
1.2031,-0.12292,4.678174,1.650872,1
1.20328,-0.12344,4.678174,1.650872,1
1.20348,-0.12386,4.678174,1.650872,1
1.20356,-0.12424,4.678174,1.650872,1
1.20374,-0.12562,4.678174,1.650872,1
1.20401,-0.12723,4.678174,1.650872,1
1.2044,-0.12824,4.678174,1.650872,1
1.20473,-0.12919,4.678174,1.650872,1
1.2051,-0.13023,4.678174,1.650872,1
1.2053,-0.13091,4.678174,1.650872,1
1.20526,-0.13052,4.678174,1.650872,1
1.20506,-0.13011,4.678174,1.650872,1
1.20488,-0.12955,4.678174,1.650872,1
1.20477,-0.12858,4.678174,1.650872,1
1.20468,-0.12776,4.678174,1.650872,1
1.20461,-0.12786,4.678174,1.650872,1
1.20447,-0.12798,4.678174,1.650872,1
1.20463,-0.12781,4.678174,1.650872,1
1.2048,-0.12771,4.678174,1.650872,1
1.20488,-0.12786,4.678174,1.650872,1
1.20488,-0.12804,4.678174,1.650872,1
1.20482,-0.12815,4.678174,1.650872,1
1.20461,-0.12822,4.678174,1.650872,1
1.20431,-0.12795,4.678174,1.650872,1
1.20387,-0.12813,4.678174,1.650872,1
1.20359,-0.12809,4.678174,1.650872,1
1.20347,-0.12785,4.678174,1.650872,1
1.2035,-0.12782,4.678174,1.650872,1
1.20366,-0.1279,4.678174,1.650872,1
1.20399,-0.12797,4.678174,1.650872,1
1.20438,-0.12819,4.678174,1.650872,1
1.20466,-0.12852,4.678174,1.650872,1
1.20483,-0.12876,4.678174,1.650872,1
1.20489,-0.12882,4.678174,1.650872,1
1.20483,-0.12888,4.678174,1.650872,1
1.20473,-0.12865,4.678174,1.650872,1
1.20453,-0.12845,4.678174,1.650872,1
1.20453,-0.12766,4.678174,1.650872,1
1.2043,-0.12669,4.678174,1.650872,1
1.20402,-0.12602,4.678174,1.650872,1
1.2038,-0.12676,4.678174,1.650872,1
1.20364,-0.12696,4.678174,1.650872,1
1.20348,-0.12698,4.678174,1.650872,1
1.20345,-0.12775,4.678174,1.650872,1
1.20362,-0.12855,4.678174,1.650872,1
1.20368,-0.12851,4.678174,1.650872,1
1.20367,-0.12819,4.678174,1.650872,1
1.2036,-0.12777,4.678174,1.650872,1
1.20351,-0.12766,4.678174,1.650872,1
1.20348,-0.12696,4.678174,1.650872,1
1.20345,-0.12619,4.678174,1.650872,1
1.20328,-0.126,4.678174,1.650872,1
1.20324,-0.12568,4.678174,1.650872,1
1.20333,-0.12513,4.678174,1.650872,1
1.20335,-0.12489,4.678174,1.650872,1
1.20325,-0.12513,4.678174,1.650872,1
1.20337,-0.12544,4.678174,1.650872,1
1.20346,-0.1255,4.678174,1.650872,1
1.20353,-0.12542,4.678174,1.650872,1
1.20349,-0.12541,4.678174,1.650872,1
1.2035,-0.12539,4.678174,1.650872,1
1.20348,-0.12542,4.678174,1.650872,1
1.20344,-0.12544,5.0355163,-2.9890416,2
1.20344,-0.12575,5.0355163,-2.9890416,2
1.20336,-0.12622,5.0355163,-2.9890416,2
1.20326,-0.1265,5.0355163,-2.9890416,2
1.20314,-0.12638,5.0355163,-2.9890416,2
1.20275,-0.12631,5.0355163,-2.9890416,2
1.20219,-0.12637,5.0355163,-2.9890416,2
1.18476,-0.23579,5.0355163,-2.9890416,2
1.18453,-0.23579,5.0355163,-2.9890416,2
1.18445,-0.23583,5.0355163,-2.9890416,2
1.18444,-0.23612,5.0355163,-2.9890416,2
1.18454,-0.23586,5.0355163,-2.9890416,2
1.1846,-0.23556,5.0355163,-2.9890416,2
1.1846,-0.23513,5.0355163,-2.9890416,2
1.18458,-0.23503,5.0355163,-2.9890416,2
1.18451,-0.23416,5.0355163,-2.9890416,2
1.18432,-0.23382,5.0355163,-2.9890416,2
1.18415,-0.23416,5.0355163,-2.9890416,2
1.18414,-0.23406,5.0355163,-2.9890416,2
1.18427,-0.23368,5.0355163,-2.9890416,2
1.1844,-0.2334,5.0355163,-2.9890416,2
1.18458,-0.23324,5.0355163,-2.9890416,2
1.1849,-0.23299,5.0355163,-2.9890416,2
1.18525,-0.2329,5.0355163,-2.9890416,2
1.1856,-0.23343,5.0355163,-2.9890416,2
1.18594,-0.234,5.0355163,-2.9890416,2
1.18612,-0.23458,5.0355163,-2.9890416,2
1.18616,-0.23482,5.0355163,-2.9890416,2
1.18611,-0.23535,5.0355163,-2.9890416,2
1.18599,-0.23596,5.0355163,-2.9890416,2
1.18572,-0.23585,5.0355163,-2.9890416,2
1.18524,-0.23531,5.0355163,-2.9890416,2
1.18481,-0.23492,5.0355163,-2.9890416,2
1.18461,-0.23408,5.0355163,-2.9890416,2
1.18459,-0.23323,5.0355163,-2.9890416,2
1.18487,-0.23228,5.0355163,-2.9890416,2
1.1851,-0.23091,5.0355163,-2.9890416,2
1.18492,-0.22986,5.0355163,-2.9890416,2
1.18471,-0.22939,5.0355163,-2.9890416,2
1.18434,-0.2291,5.0355163,-2.9890416,2
1.18386,-0.2285,5.0355163,-2.9890416,2
1.18352,-0.2283,5.0355163,-2.9890416,2
1.18351,-0.22817,5.0355163,-2.9890416,2
1.18342,-0.22782,5.0355163,-2.9890416,2
1.1832,-0.22706,5.0355163,-2.9890416,2
1.18275,-0.22675,5.0355163,-2.9890416,2
1.18221,-0.22658,5.0355163,-2.9890416,2
1.18175,-0.22673,5.0355163,-2.9890416,2
1.18126,-0.22668,5.0355163,-2.9890416,2
1.18086,-0.22679,5.0355163,-2.9890416,2
1.18058,-0.22664,5.0355163,-2.9890416,2
1.1804,-0.22635,5.0355163,-2.9890416,2
1.18039,-0.22608,5.0355163,-2.9890416,2
1.18065,-0.22606,5.0355163,-2.9890416,2
1.18106,-0.22599,5.0355163,-2.9890416,2
1.18143,-0.22634,5.0355163,-2.9890416,2
1.18173,-0.22695,5.0355163,-2.9890416,2
1.18199,-0.22757,5.0355163,-2.9890416,2
1.18222,-0.22768,5.0355163,-2.9890416,2
1.18243,-0.2277,5.0355163,-2.9890416,2
1.18257,-0.22759,-14.498359,0.046246998,2
1.18276,-0.227,-14.498359,0.046246998,2
1.18298,-0.22652,-14.498359,0.046246998,2
1.18317,-0.22602,-14.498359,0.046246998,2
1.18349,-0.22587,-14.498359,0.046246998,2
1.18382,-0.2259,-14.498359,0.046246998,2
1.18397,-0.22602,-14.498359,0.046246998,2
1.1841,-0.22545,-14.498359,0.046246998,2
1.18412,-0.22539,-14.498359,0.046246998,2
1.18389,-0.22491,-13.864488,-0.6930952,2
1.18351,-0.22509,-13.864488,-0.6930952,2
1.18317,-0.22525,-13.864488,-0.6930952,2
1.1828,-0.22489,-13.864488,-0.6930952,2
1.18262,-0.22453,-13.864488,-0.6930952,2
1.1827,-0.22464,-13.864488,-0.6930952,2
1.18288,-0.22471,-13.864488,-0.6930952,2
1.18288,-0.22444,-13.864488,-0.6930952,2
1.18285,-0.22423,-13.864488,-0.6930952,2
1.18242,-0.22409,-15.040489,-0.53257316,2
1.1819,-0.22399,-15.040489,-0.53257316,2
1.18128,-0.22348,-15.040489,-0.53257316,2
1.18067,-0.22322,-15.040489,-0.53257316,2
1.18033,-0.22301,-15.040489,-0.53257316,2
1.1801,-0.22255,-15.040489,-0.53257316,2
1.18013,-0.22221,-15.040489,-0.53257316,2
1.18038,-0.22221,-15.040489,-0.53257316,2
1.1807,-0.22225,-15.040489,-0.53257316,2
1.18103,-0.22264,-15.040489,-0.53257316,2
1.18146,-0.22351,-15.040489,-0.53257316,2
1.18157,-0.22371,-15.040489,-0.53257316,2
1.18156,-0.22349,-15.040489,-0.53257316,2
1.18145,-0.22278,-15.040489,-0.53257316,2
1.18143,-0.22199,-15.040489,-0.53257316,2
1.18148,-0.2212,-15.040489,-0.53257316,2
1.18149,-0.22026,-15.040489,-0.53257316,2
1.18155,-0.21967,-15.040489,-0.53257316,2
1.18169,-0.21944,-15.040489,-0.53257316,2
1.18182,-0.21947,-15.040489,-0.53257316,2
1.18194,-0.21947,-15.040489,-0.53257316,2
1.18218,-0.21945,-15.040489,-0.53257316,2
1.18228,-0.21904,-15.040489,-0.53257316,2
1.18235,-0.21846,-15.040489,-0.53257316,2
1.18239,-0.21817,-15.040489,-0.53257316,2
1.18228,-0.21745,-15.040489,-0.53257316,2
1.18174,-0.21721,-15.040489,-0.53257316,2
1.18151,-0.21751,-14.912117,-0.012991527,2
1.18142,-0.21761,-14.912117,-0.012991527,2
1.18136,-0.22139,-14.912117,-0.012991527,2
1.18128,-0.2333,-14.912117,-0.012991527,2
1.1808,-0.24873,-14.912117,-0.012991527,2
1.18059,-0.26186,-14.912117,-0.012991527,2
1.18022,-0.27328,-14.912117,-0.012991527,2
1.18007,-0.2818,-14.912117,-0.012991527,2
1.1803,-0.28763,-14.912117,-0.012991527,2
1.18076,-0.28895,-14.384827,-1.366232,2
1.18143,-0.28595,-14.384827,-1.366232,2
1.1824,-0.27883,-14.384827,-1.366232,2
1.18359,-0.26899,-14.384827,-1.366232,2
1.18468,-0.25646,-14.384827,-1.366232,2
1.18588,-0.24373,-14.384827,-1.366232,2
1.18713,-0.2301,-14.384827,-1.366232,2
1.18824,-0.21788,-14.384827,-1.366232,2
1.18913,-0.20798,-14.384827,-1.366232,2
1.18989,-0.20038,-14.384827,-1.366232,2
1.19052,-0.19437,-14.384827,-1.366232,2
1.191,-0.18864,-10.562998,-2.35435,2
1.19146,-0.18408,-10.562998,-2.35435,2
1.19196,-0.18086,-10.562998,-2.35435,2
1.19242,-0.17849,-10.562998,-2.35435,2
1.1927,-0.17701,-10.562998,-2.35435,2
1.19286,-0.17576,-10.562998,-2.35435,2
1.19286,-0.17497,-10.562998,-2.35435,2
1.19277,-0.17469,-10.562998,-2.35435,2
1.19265,-0.1749,-10.562998,-2.35435,2
1.19256,-0.17554,-10.562998,-2.35435,2
1.19268,-0.17644,-10.562998,-2.35435,2
1.19274,-0.17699,-10.562998,-2.35435,2
1.19279,-0.1772,-10.562998,-2.35435,2
1.19288,-0.17733,-10.562998,-2.35435,2
1.19322,-0.17846,-10.562998,-2.35435,2
1.19364,-0.17908,-10.562998,-2.35435,2
1.19395,-0.18014,-8.14583,-2.8844538,2
1.19423,-0.18128,-8.14583,-2.8844538,2
1.19448,-0.18279,-8.14583,-2.8844538,2
1.19452,-0.18385,-8.14583,-2.8844538,2
1.19433,-0.18411,-8.14583,-2.8844538,2
1.19397,-0.18449,-8.14583,-2.8844538,2
1.19371,-0.18524,-8.14583,-2.8844538,2
1.19355,-0.18532,-8.14583,-2.8844538,2
1.1935,-0.18624,-8.14583,-2.8844538,2
1.19367,-0.18735,-8.14583,-2.8844538,2
1.19403,-0.1884,-8.14583,-2.8844538,2
1.19453,-0.18922,-8.14583,-2.8844538,2
1.19476,-0.19015,-8.14583,-2.8844538,2
1.19473,-0.19105,-8.14583,-2.8844538,2
1.1947,-0.19126,-8.14583,-2.8844538,2
1.19449,-0.19141,-8.14583,-2.8844538,2
1.19428,-0.19172,-11.515899,0.14032571,2
1.19408,-0.19022,-11.515899,0.14032571,2
1.19357,-0.18744,-11.515899,0.14032571,2
1.19275,-0.18342,-11.515899,0.14032571,2
1.19147,-0.17805,-11.515899,0.14032571,2
1.19007,-0.17433,-11.515899,0.14032571,2
1.18898,-0.17361,-11.515899,0.14032571,2
1.1886,-0.17513,-11.515899,0.14032571,2
1.18865,-0.1776,-10.380141,-0.17218685,2
1.18904,-0.18006,-10.380141,-0.17218685,2
1.18938,-0.18115,-10.380141,-0.17218685,2
1.1893,-0.18112,-10.380141,-0.17218685,2
1.18914,-0.18013,-10.380141,-0.17218685,2
1.18912,-0.17861,-10.380141,-0.17218685,2
1.18944,-0.17702,-10.380141,-0.17218685,2
1.19003,-0.1757,-10.380141,-0.17218685,2
1.19074,-0.17576,-10.380141,-0.17218685,2
1.19162,-0.17721,-10.380141,-0.17218685,2
1.19256,-0.17923,-10.380141,-0.17218685,2
1.19337,-0.18157,-11.099214,-0.6066423,2
1.19407,-0.18455,-11.099214,-0.6066423,2
1.19451,-0.18663,-11.099214,-0.6066423,2
1.19444,-0.18732,-11.099214,-0.6066423,2
1.19402,-0.1856,-11.099214,-0.6066423,2
1.19312,-0.18132,-11.099214,-0.6066423,2
1.19205,-0.17684,-11.099214,-0.6066423,2
1.19115,-0.17302,-11.099214,-0.6066423,2
1.19049,-0.17071,-12.130125,-1.4608963,2
1.19015,-0.16954,-12.130125,-1.4608963,2
1.19015,-0.16974,-12.130125,-1.4608963,2
1.19029,-0.17084,-12.130125,-1.4608963,2
1.19037,-0.17171,-12.130125,-1.4608963,2
1.19031,-0.17256,-12.130125,-1.4608963,2
1.19026,-0.17289,-12.130125,-1.4608963,2
1.18995,-0.1726,-12.130125,-1.4608963,2
1.18954,-0.1721,-12.130125,-1.4608963,2
1.18907,-0.17103,-12.130125,-1.4608963,2
1.18858,-0.16953,-12.130125,-1.4608963,2
1.18797,-0.16823,-12.130125,-1.4608963,2
1.18763,-0.16707,-12.130125,-1.4608963,2
1.18772,-0.16672,-12.130125,-1.4608963,2
1.18797,-0.16641,-12.130125,-1.4608963,2
1.18838,-0.16658,-12.130125,-1.4608963,2
1.18892,-0.16686,-12.130125,-1.4608963,2
1.18929,-0.16712,-12.130125,-1.4608963,2
1.18919,-0.16762,-9.266487,-2.8747509,2
1.18895,-0.16819,-9.266487,-2.8747509,2
1.18853,-0.16881,-9.266487,-2.8747509,2
1.18802,-0.16906,-9.266487,-2.8747509,2
1.18766,-0.16948,-9.266487,-2.8747509,2
1.18725,-0.16965,-9.266487,-2.8747509,2
1.18711,-0.1694,-9.266487,-2.8747509,2
1.18705,-0.169,-9.266487,-2.8747509,2
1.18682,-0.16926,-9.266487,-2.8747509,2
1.1866,-0.16912,-9.266487,-2.8747509,2
1.18652,-0.1689,-9.266487,-2.8747509,2
1.18668,-0.16949,-9.266487,-2.8747509,2
1.18691,-0.17075,-9.266487,-2.8747509,2
1.18712,-0.17176,-9.266487,-2.8747509,2
1.18692,-0.17187,-9.266487,-2.8747509,2
1.1863,-0.17081,-9.266487,-2.8747509,2
1.18578,-0.17003,-9.266487,-2.8747509,2
1.18529,-0.16902,-9.266487,-2.8747509,2
1.18478,-0.16809,-9.266487,-2.8747509,2
1.18426,-0.1674,-9.266487,-2.8747509,2
1.18393,-0.16645,-9.266487,-2.8747509,2
1.1839,-0.16539,-9.266487,-2.8747509,2
1.18427,-0.16468,-9.266487,-2.8747509,2
1.18478,-0.16444,-9.266487,-2.8747509,2
1.1853,-0.16422,-9.266487,-2.8747509,2
1.18566,-0.16419,-9.266487,-2.8747509,2
1.18599,-0.16483,-9.266487,-2.8747509,2
1.1863,-0.16537,-9.266487,-2.8747509,2
1.18641,-0.16554,-9.266487,-2.8747509,2
1.18634,-0.16566,-9.266487,-2.8747509,2
1.18626,-0.16565,-9.266487,-2.8747509,2
1.18628,-0.16584,-9.266487,-2.8747509,2
1.18634,-0.16562,-9.266487,-2.8747509,2
1.18656,-0.16545,-9.266487,-2.8747509,2
1.18669,-0.16533,-9.266487,-2.8747509,2
1.18686,-0.16564,-9.266487,-2.8747509,2
1.18696,-0.16565,-9.266487,-2.8747509,2
1.18701,-0.16557,-9.266487,-2.8747509,2
1.18703,-0.16571,-9.266487,-2.8747509,2
1.18698,-0.16561,-9.266487,-2.8747509,2
1.18701,-0.16557,-9.266487,-2.8747509,2
1.18689,-0.1655,-9.266487,-2.8747509,2
1.18652,-0.16512,-9.266487,-2.8747509,2
1.18613,-0.1646,-9.266487,-2.8747509,2
1.18614,-0.16445,-9.266487,-2.8747509,2
1.18632,-0.16437,-9.266487,-2.8747509,2
1.18642,-0.1645,-9.266487,-2.8747509,2
1.18654,-0.16487,-9.266487,-2.8747509,2
1.18678,-0.16543,-9.266487,-2.8747509,2
1.18701,-0.16536,-9.266487,-2.8747509,2
1.187,-0.16552,-9.266487,-2.8747509,2
1.1868,-0.1653,-9.266487,-2.8747509,2
1.18653,-0.16488,-9.266487,-2.8747509,2
1.18627,-0.16392,-9.266487,-2.8747509,2
1.1861,-0.16365,-9.890258,-1.2512778,2
1.18598,-0.163,-9.890258,-1.2512778,2
1.18573,-0.1623,-9.890258,-1.2512778,2
1.1856,-0.16148,-9.890258,-1.2512778,2
1.18558,-0.16139,-9.890258,-1.2512778,2
1.18548,-0.16184,-9.890258,-1.2512778,2
1.18558,-0.16211,-9.890258,-1.2512778,2
1.18576,-0.16266,-9.890258,-1.2512778,2
1.18584,-0.16384,-9.890258,-1.2512778,2
1.18584,-0.16489,-9.890258,-1.2512778,2
1.18575,-0.1656,-11.790462,-3.0498395,2
1.18532,-0.16572,-11.790462,-3.0498395,2
1.18468,-0.16563,-11.790462,-3.0498395,2
1.18407,-0.16487,-11.790462,-3.0498395,2
1.18367,-0.16408,-11.790462,-3.0498395,2
1.18345,-0.16305,-11.790462,-3.0498395,2
1.18296,-0.16213,-11.790462,-3.0498395,2
1.18247,-0.16167,-11.790462,-3.0498395,2
1.18205,-0.16179,-11.790462,-3.0498395,2
1.18179,-0.16203,-11.790462,-3.0498395,2
1.18154,-0.16204,-11.790462,-3.0498395,2
1.18116,-0.1619,-11.790462,-3.0498395,2
1.1809,-0.16263,-10.962916,-3.5455043,2
1.18091,-0.16294,-10.962916,-3.5455043,2
1.18087,-0.16291,-10.962916,-3.5455043,2
1.18089,-0.16287,-10.962916,-3.5455043,2
1.1812,-0.16333,-10.962916,-3.5455043,2
1.18149,-0.16376,-10.962916,-3.5455043,2
1.18165,-0.16389,-10.962916,-3.5455043,2
1.1817,-0.16404,-10.962916,-3.5455043,2
1.18168,-0.16443,-10.962916,-3.5455043,2
1.1816,-0.16444,-10.962916,-3.5455043,2
1.18142,-0.16413,-10.962916,-3.5455043,2
1.18114,-0.16454,-10.962916,-3.5455043,2
1.18097,-0.16471,-10.962916,-3.5455043,2
1.18084,-0.16419,-10.962916,-3.5455043,2
1.18102,-0.16371,-10.962916,-3.5455043,2
1.18138,-0.16344,-10.962916,-3.5455043,2
1.18168,-0.16335,-10.962916,-3.5455043,2
1.182,-0.16348,-10.962916,-3.5455043,2
1.18226,-0.16359,-10.962916,-3.5455043,2
1.18254,-0.16371,-10.962916,-3.5455043,2
1.18264,-0.16383,-15.008442,-2.0065155,2
1.18269,-0.16382,1.112798,0.7295064,3
1.18257,-0.1637,1.112798,0.7295064,3
1.18218,-0.16359,1.112798,0.7295064,3
1.18191,-0.16337,1.112798,0.7295064,3
1.18177,-0.16338,1.6103495,-0.13716134,3
1.18173,-0.16353,1.6103495,-0.13716134,3
1.18184,-0.16382,1.6103495,-0.13716134,3
1.50723,-1.51549,1.6103495,-0.13716134,3
1.50702,-1.5141,1.6103495,-0.13716134,3
1.50711,-1.51359,1.6103495,-0.13716134,3
1.50732,-1.5142,1.6103495,-0.13716134,3
1.50761,-1.51676,1.6103495,-0.13716134,3
1.50778,-1.52078,1.132505,-1.5791806,3
1.50798,-1.52639,1.132505,-1.5791806,3
1.50812,-1.53259,1.132505,-1.5791806,3
1.5081,-1.53953,1.132505,-1.5791806,3
1.50804,-1.54448,1.132505,-1.5791806,3
1.50798,-1.54869,1.132505,-1.5791806,3
1.50789,-1.55097,1.132505,-1.5791806,3
1.50786,-1.55412,1.132505,-1.5791806,3
1.50792,-1.55935,1.132505,-1.5791806,3
1.50804,-1.56695,1.3611836,-1.1367508,3
1.50828,-1.57304,1.3611836,-1.1367508,3
1.50852,-1.58051,1.3611836,-1.1367508,3
1.50902,-1.59011,1.3611836,-1.1367508,3
1.50949,-1.60008,1.3611836,-1.1367508,3
1.50965,-1.6109,1.3611836,-1.1367508,3
1.50956,-1.62281,1.3611836,-1.1367508,3
1.50945,-1.63159,1.3611836,-1.1367508,3
1.50951,-1.63773,1.3611836,-1.1367508,3
1.5094,-1.64169,1.3520206,-1.1499555,3
1.50937,-1.64401,1.3520206,-1.1499555,3
1.50952,-1.64486,1.3520206,-1.1499555,3
1.5095,-1.64575,1.3520206,-1.1499555,3
1.50945,-1.64792,1.3520206,-1.1499555,3
1.50962,-1.64884,1.3520206,-1.1499555,3
1.50962,-1.64976,1.3520206,-1.1499555,3
1.50965,-1.65288,1.3520206,-1.1499555,3
1.50972,-1.65649,1.1298696,-2.001497,3
1.50974,-1.66065,1.1298696,-2.001497,3
1.50991,-1.66524,1.1298696,-2.001497,3
1.51045,-1.66835,1.1298696,-2.001497,3
1.5113,-1.67382,1.1298696,-2.001497,3
1.51196,-1.68188,1.1298696,-2.001497,3
1.51226,-1.69255,1.1298696,-2.001497,3
1.512,-1.7045,1.1298696,-2.001497,3
1.51146,-1.71458,1.1298696,-2.001497,3
1.51077,-1.72255,0.22707961,-0.57870513,3
1.51015,-1.72889,0.22707961,-0.57870513,3
1.50964,-1.73399,0.22707961,-0.57870513,3
1.50962,-1.73739,0.22707961,-0.57870513,3
1.50999,-1.73875,0.22707961,-0.57870513,3
1.51052,-1.73927,0.22707961,-0.57870513,3
1.51064,-1.74112,0.22707961,-0.57870513,3
1.51048,-1.74467,0.22707961,-0.57870513,3
1.51024,-1.74962,0.22707961,-0.57870513,3
1.50998,-1.75403,0.22707961,-0.57870513,3
1.5098,-1.75788,0.28807083,-0.19710772,3
1.50969,-1.7619,0.28807083,-0.19710772,3
1.50985,-1.76338,0.28807083,-0.19710772,3
1.51011,-1.76445,0.28807083,-0.19710772,3
1.51009,-1.7661,0.28807083,-0.19710772,3
1.51004,-1.76778,0.28807083,-0.19710772,3
1.50983,-1.76867,0.28807083,-0.19710772,3
1.50971,-1.76999,0.28807083,-0.19710772,3
1.50992,-1.77161,0.28807083,-0.19710772,3
1.51032,-1.77548,0.78008795,-0.8530315,3
1.51056,-1.78037,0.78008795,-0.8530315,3
1.5106,-1.78859,0.78008795,-0.8530315,3
1.51059,-1.79559,0.78008795,-0.8530315,3
1.5105,-1.8005,0.78008795,-0.8530315,3
1.5103,-1.80402,0.78008795,-0.8530315,3
1.51025,-1.80584,0.78008795,-0.8530315,3
1.51046,-1.80466,0.78008795,-0.8530315,3
1.51081,-1.80195,0.5602914,-2.5784638,3
1.51111,-1.80062,0.5602914,-2.5784638,3
1.51136,-1.79936,0.5602914,-2.5784638,3
1.51164,-1.79824,0.5602914,-2.5784638,3
1.51165,-1.79881,0.5602914,-2.5784638,3
1.51149,-1.80106,0.5602914,-2.5784638,3
1.51136,-1.8026,0.5602914,-2.5784638,3
1.51138,-1.80451,0.5602914,-2.5784638,3
1.51159,-1.80501,0.5602914,-2.5784638,3
1.5117,-1.8043,0.5602914,-2.5784638,3
1.51159,-1.80426,0.56029105,-2.5784624,3
1.51163,-1.80465,0.56029105,-2.5784624,3
1.51158,-1.80586,0.56029105,-2.5784624,3
1.51128,-1.80881,0.56029105,-2.5784624,3
1.51091,-1.81273,0.56029105,-2.5784624,3
1.51085,-1.81452,0.56029105,-2.5784624,3
1.51099,-1.81499,0.56029105,-2.5784624,3
1.51111,-1.81428,0.56029105,-2.5784624,3
1.51119,-1.81401,1.1433738,-2.6417973,3
1.5116,-1.8109,1.1433738,-2.6417973,3
1.51203,-1.8062,1.1433738,-2.6417973,3
1.51234,-1.80259,1.1433738,-2.6417973,3
1.51255,-1.80049,1.1433738,-2.6417973,3
1.51266,-1.80063,1.1433738,-2.6417973,3
1.51269,-1.80248,1.1433738,-2.6417973,3
1.51265,-1.8049,1.1433738,-2.6417973,3
1.51257,-1.80733,1.1433738,-2.6417973,3
1.51259,-1.80734,1.1433738,-2.6417973,3
1.51265,-1.80562,1.1433738,-2.6417973,3
1.51277,-1.80413,1.1433738,-2.6417973,3
1.51292,-1.80344,1.1433738,-2.6417973,3
1.51302,-1.80463,-0.013222405,-1.4230791,3
1.51303,-1.80693,-0.013222405,-1.4230791,3
1.51302,-1.81013,-0.013222405,-1.4230791,3
1.51295,-1.81313,-0.013222405,-1.4230791,3
1.51273,-1.81737,-0.013222405,-1.4230791,3
1.51275,-1.8197,-0.013222405,-1.4230791,3
1.51269,-1.82056,-0.013222405,-1.4230791,3
1.51288,-1.81967,-0.013222405,-1.4230791,3
1.51318,-1.81861,-0.013222405,-1.4230791,3
1.51315,-1.81807,-0.013158078,-1.7543482,3
1.51312,-1.81766,-0.013158078,-1.7543482,3
1.51311,-1.81779,-0.013158078,-1.7543482,3
1.51312,-1.81909,-0.013158078,-1.7543482,3
1.5129,-1.82249,-0.013158078,-1.7543482,3
1.51265,-1.82597,-0.013158078,-1.7543482,3
1.51271,-1.82594,-0.013158078,-1.7543482,3
1.51303,-1.8235,-0.013158078,-1.7543482,3
1.51324,-1.82173,-0.013158078,-1.7543482,3
1.51342,-1.81985,0.57103974,-1.2482967,3
1.5137,-1.81689,0.57103974,-1.2482967,3
1.51392,-1.81323,0.57103974,-1.2482967,3
1.51405,-1.81113,0.57103974,-1.2482967,3
1.51419,-1.80994,0.57103974,-1.2482967,3
1.51422,-1.8105,0.57103974,-1.2482967,3
1.51417,-1.81134,0.57103974,-1.2482967,3
1.51401,-1.81392,0.57103974,-1.2482967,3
1.51397,-1.81623,0.5883697,-0.4219804,3
1.51393,-1.81719,0.5883697,-0.4219804,3
1.51401,-1.81695,0.5883697,-0.4219804,3
1.51418,-1.81613,0.5883697,-0.4219804,3
1.51441,-1.81532,0.5883697,-0.4219804,3
1.51465,-1.81469,0.5883697,-0.4219804,3
1.5148,-1.81359,0.5883697,-0.4219804,3
1.51491,-1.81269,0.5883697,-0.4219804,3
1.51491,-1.81228,0.5883697,-0.4219804,3
1.51488,-1.81271,-0.013185464,-1.7440845,3
1.51478,-1.81342,-0.013185464,-1.7440845,3
1.51476,-1.815,-0.013185464,-1.7440845,3
1.51479,-1.81563,-0.013185464,-1.7440845,3
1.51483,-1.81608,-0.013185464,-1.7440845,3
1.51492,-1.81601,-0.013185464,-1.7440845,3
1.51507,-1.81468,-0.013185464,-1.7440845,3
1.51491,-1.81436,-0.013185464,-1.7440845,3
1.51479,-1.8155,-0.0131854825,-1.742451,3
1.51467,-1.8177,-0.0131854825,-1.742451,3
1.51442,-1.82043,-0.0131854825,-1.742451,3
1.5142,-1.8225,-0.0131854825,-1.742451,3
1.51431,-1.82234,-0.0131854825,-1.742451,3
1.51463,-1.81991,-0.0131854825,-1.742451,3
1.51494,-1.81663,-0.0131854825,-1.742451,3
1.51517,-1.81385,-0.0131854825,-1.742451,3
1.51558,-1.81068,-0.0131854825,-1.742451,3
1.51572,-1.8091,-0.0131854825,-1.742451,3
1.51574,-1.80836,0.5722152,-1.2156198,3
1.51577,-1.80967,0.5722152,-1.2156198,3
1.51577,-1.81268,0.5722152,-1.2156198,3
1.51563,-1.81652,0.5722152,-1.2156198,3
1.51523,-1.82301,0.5722152,-1.2156198,3
1.51476,-1.8304,0.5722152,-1.2156198,3
1.51426,-1.83722,0.5722152,-1.2156198,3
1.51367,-1.84508,0.5722152,-1.2156198,3
1.51319,-1.85077,0.5710055,-1.8885715,3
1.51277,-1.85631,0.5710055,-1.8885715,3
1.51231,-1.86204,0.5710055,-1.8885715,3
1.51214,-1.86559,0.5710055,-1.8885715,3
1.51205,-1.8671,0.5710055,-1.8885715,3
1.5121,-1.86603,0.5710055,-1.8885715,3
1.51239,-1.86298,0.5710055,-1.8885715,3
1.51276,-1.85851,0.5710055,-1.8885715,3
1.51301,-1.85434,0.5710055,-1.8885715,3
1.51311,-1.85253,1.0137479,-0.48032326,3
1.51313,-1.8521,1.0137479,-0.48032326,3
1.51336,-1.8507,1.0137479,-0.48032326,3
1.51346,-1.84997,1.0137479,-0.48032326,3
1.51314,-1.85202,1.0137479,-0.48032326,3
1.51285,-1.85532,1.0137479,-0.48032326,3
1.51277,-1.85766,1.0137479,-0.48032326,3
1.51261,-1.85924,-0.013121309,-1.4314423,3
1.5124,-1.86115,-0.013121309,-1.4314423,3
1.51228,-1.86249,-0.013121309,-1.4314423,3
1.51234,-1.86164,-0.013121309,-1.4314423,3
1.51239,-1.86024,-0.013121309,-1.4314423,3
1.51261,-1.85834,-0.013121309,-1.4314423,3
1.51292,-1.85552,-0.013121309,-1.4314423,3
1.51304,-1.85278,-0.013121309,-1.4314423,3
1.51329,-1.85001,-0.013121309,-1.4314423,3
1.51356,-1.84721,-0.013121309,-1.4314423,3
1.51377,-1.84505,-0.013121309,-1.4314423,3
1.5138,-1.84399,-0.013121309,-1.4314423,3
1.51376,-1.84297,-0.01315018,-1.3909186,3
1.51379,-1.842,-0.01315018,-1.3909186,3
1.51386,-1.84073,-0.01315018,-1.3909186,3
1.514,-1.83906,-0.01315018,-1.3909186,3
1.51408,-1.83868,-0.01315018,-1.3909186,3
1.51423,-1.8385,-0.01315018,-1.3909186,3
1.5143,-1.83817,-0.01315018,-1.3909186,3
1.51433,-1.83867,-0.01315018,-1.3909186,3
1.51433,-1.8388,0.5694971,-1.5297478,3
1.51431,-1.83963,0.5694971,-1.5297478,3
1.51433,-1.83984,0.5694971,-1.5297478,3
1.5142,-1.84106,0.5694971,-1.5297478,3
1.51412,-1.84268,0.5694971,-1.5297478,3
1.51408,-1.84366,0.5694971,-1.5297478,3
1.51414,-1.84347,0.5694971,-1.5297478,3
1.51423,-1.84284,0.5694971,-1.5297478,3
1.51399,-1.84381,0.5694971,-1.5297478,3
1.5138,-1.84455,0.5694971,-1.5297478,3
1.51388,-1.84441,0.5694971,-1.5297478,3
1.51374,-1.84542,0.5710055,-1.8885715,3
1.51344,-1.84815,0.5710055,-1.8885715,3
1.51314,-1.85098,0.5710055,-1.8885715,3
1.51317,-1.85129,0.5710055,-1.8885715,3
1.51327,-1.84995,0.5710055,-1.8885715,3
1.51338,-1.84808,0.5710055,-1.8885715,3
1.51362,-1.84552,0.5710055,-1.8885715,3
1.51395,-1.8425,0.5710055,-1.8885715,3
1.51412,-1.83922,0.5710055,-1.8885715,3
1.51434,-1.83724,0.5710055,-1.8885715,3
1.51445,-1.83772,1.3721415,-1.6956686,3
1.51442,-1.83889,1.3721415,-1.6956686,3
1.51432,-1.84016,1.3721415,-1.6956686,3
1.51415,-1.8425,1.3721415,-1.6956686,3
1.51401,-1.84416,1.3721415,-1.6956686,3
1.51391,-1.84502,1.3721415,-1.6956686,3
1.514,-1.84254,1.3721415,-1.6956686,3
1.51418,-1.84001,1.3721415,-1.6956686,3
1.51444,-1.83751,1.3721415,-1.6956686,3
1.51459,-1.83586,1.3721415,-1.6956686,3
1.51486,-1.83393,1.3721415,-1.6956686,3
1.51505,-1.83298,1.3721415,-1.6956686,3
1.51512,-1.83198,0.4341216,-0.33580396,3
1.51515,-1.8329,0.4341216,-0.33580396,3
1.51519,-1.8323,0.4341216,-0.33580396,3
1.51539,-1.82837,0.4341216,-0.33580396,3
1.5158,-1.82403,0.4341216,-0.33580396,3
1.51604,-1.82168,0.4341216,-0.33580396,3
1.51622,-1.82031,0.4341216,-0.33580396,3
1.51638,-1.81921,0.4341216,-0.33580396,3
1.51626,-1.81861,0.4341216,-0.33580396,3
1.51581,-1.81875,0.4341216,-0.33580396,3
1.51577,-1.81824,0.4341216,-0.33580396,3
1.5159,-1.81477,1.0894126,0.6647508,3
1.51606,-1.81074,1.0894126,0.6647508,3
1.51613,-1.80852,1.0894126,0.6647508,3
1.51636,-1.80527,-21.851398,3.790667,4
1.51657,-1.80002,-21.851398,3.790667,4
1.51671,-1.79489,-21.851398,3.790667,4
1.51674,-1.79008,-21.851398,3.790667,4
1.51695,-1.78441,-21.851398,3.790667,4
1.51725,-1.77786,-21.851398,3.790667,4
1.51752,-1.77421,-21.851398,3.790667,4
1.43058,0.59496,-21.851398,3.790667,4
1.43098,0.58844,-21.851398,3.790667,4
1.43142,0.58844,-21.851398,3.790667,4
1.43185,0.5921,-21.851398,3.790667,4
1.43237,0.59945,-21.851398,3.790667,4
1.43266,0.60267,-21.851398,3.790667,4
1.43284,0.60339,-21.851398,3.790667,4
1.4327,0.60331,-21.851398,3.790667,4
1.43236,0.60342,-21.851398,3.790667,4
1.43201,0.60315,-21.851398,3.790667,4
1.43155,0.60139,-21.851398,3.790667,4
1.43098,0.59997,-21.851398,3.790667,4
1.43041,0.59712,-21.851398,3.790667,4
1.42987,0.59501,-21.851398,3.790667,4
1.42947,0.59698,-21.851398,3.790667,4
1.42939,0.59651,-21.851398,3.790667,4
1.4293,0.5943,-21.851398,3.790667,4
1.42925,0.59448,-21.851398,3.790667,4
1.42915,0.59762,-21.851398,3.790667,4
1.42904,0.59928,-21.851398,3.790667,4
1.42881,0.60182,-21.851398,3.790667,4
1.42842,0.60062,-21.851398,3.790667,4
1.42792,0.5919,-21.851398,3.790667,4
1.42731,0.57377,-21.851398,3.790667,4
1.42686,0.55679,-21.851398,3.790667,4
1.42644,0.5396,-21.851398,3.790667,4
1.42597,0.52478,-21.851398,3.790667,4
1.42552,0.51462,-21.851398,3.790667,4
1.42523,0.50519,-21.851398,3.790667,4
1.42493,0.49496,-21.851398,3.790667,4
1.42472,0.48614,-21.851398,3.790667,4
1.42453,0.47837,-21.851398,3.790667,4
1.42442,0.46994,-21.851398,3.790667,4
1.42421,0.45954,-21.851398,3.790667,4
1.42393,0.44947,-21.851398,3.790667,4
1.42355,0.43906,-21.851398,3.790667,4
1.42286,0.42642,-21.851398,3.790667,4
1.42221,0.41412,-21.851398,3.790667,4
1.42173,0.4046,-21.851398,3.790667,4
1.42133,0.39694,-21.851398,3.790667,4
1.42107,0.38933,-21.851398,3.790667,4
1.42081,0.38194,-21.851398,3.790667,4
1.42044,0.37455,-21.851398,3.790667,4
1.42006,0.36666,-21.851398,3.790667,4
1.41969,0.35954,-21.851398,3.790667,4
1.41937,0.35369,-21.851398,3.790667,4
1.41908,0.34797,-21.851398,3.790667,4
1.41888,0.34288,-21.851398,3.790667,4
1.41857,0.33656,-21.851398,3.790667,4
1.41813,0.32975,-21.851398,3.790667,4
1.41765,0.32221,-21.851398,3.790667,4
1.41725,0.31534,-21.851398,3.790667,4
1.41701,0.30779,-21.851398,3.790667,4
1.41685,0.30096,-21.851398,3.790667,4
1.41685,0.29541,-21.851398,3.790667,4
1.41691,0.29051,-21.851398,3.790667,4
1.4168,0.2869,-21.851398,3.790667,4
1.41676,0.28196,-21.851398,3.790667,4
1.41682,0.27514,-21.851398,3.790667,4
1.4168,0.26822,-21.851398,3.790667,4
1.41651,0.26263,-21.851398,3.790667,4
1.41635,0.25648,-21.851398,3.790667,4
1.41616,0.25008,-21.851398,3.790667,4
1.41584,0.2454,-21.851398,3.790667,4
1.41557,0.24164,-21.851398,3.790667,4
1.41528,0.23758,-21.851398,3.790667,4
1.41488,0.23306,-21.851398,3.790667,4
1.41449,0.22851,-21.851398,3.790667,4
1.41425,0.22322,-21.851398,3.790667,4
1.41424,0.21811,-21.851398,3.790667,4
1.41439,0.21494,-21.851398,3.790667,4
1.4148,0.21379,-21.851398,3.790667,4
1.41522,0.21259,-21.851398,3.790667,4
1.41526,0.21142,-21.851398,3.790667,4
1.41524,0.21002,-21.851398,3.790667,4
1.41519,0.20859,-21.851398,3.790667,4
1.41489,0.20552,-21.851398,3.790667,4
1.41444,0.20089,-21.851398,3.790667,4
1.41395,0.19672,-21.851398,3.790667,4
1.41348,0.19319,-21.851398,3.790667,4
1.41314,0.19031,-21.851398,3.790667,4
1.4129,0.18655,-21.851398,3.790667,4
1.41269,0.18122,-21.851398,3.790667,4
1.41249,0.17484,-21.851398,3.790667,4
1.41217,0.16867,-21.851398,3.790667,4
1.41178,0.16296,-21.851398,3.790667,4
1.41155,0.15815,-21.851398,3.790667,4
1.41144,0.15372,-21.851398,3.790667,4
1.41149,0.14998,-21.851398,3.790667,4
1.41164,0.14738,-21.851398,3.790667,4
1.41172,0.1437,-21.851398,3.790667,4
1.41176,0.13738,-21.851398,3.790667,4
1.41176,0.1299,-21.851398,3.790667,4
1.41192,0.12482,-21.851398,3.790667,4
1.41205,0.12087,-21.851398,3.790667,4
1.41192,0.11893,-21.851398,3.790667,4
1.41186,0.11552,-21.851398,3.790667,4
1.4118,0.1112,-21.851398,3.790667,4
1.41167,0.10652,-21.851398,3.790667,4
1.41139,0.10209,-21.851398,3.790667,4
1.41118,0.09835,-21.851398,3.790667,4
1.41116,0.0964,-21.851398,3.790667,4
1.41125,0.09468,-21.851398,3.790667,4
1.41129,0.09164,-21.851398,3.790667,4
1.41137,0.08722,-21.851398,3.790667,4
1.41151,0.08299,-21.851398,3.790667,4
1.41157,0.0799,-21.851398,3.790667,4
1.41171,0.07643,-21.851398,3.790667,4
1.41189,0.07391,-21.851398,3.790667,4
1.4121,0.07074,-21.851398,3.790667,4
1.41219,0.06727,-21.851398,3.790667,4
1.41218,0.06287,-21.851398,3.790667,4
1.41193,0.06012,-21.851398,3.790667,4
1.41157,0.05673,-21.851398,3.790667,4
1.4114,0.05152,-21.851398,3.790667,4
1.41117,0.04734,-21.851398,3.790667,4
1.41096,0.04423,-21.851398,3.790667,4
1.41095,0.04167,-21.851398,3.790667,4
1.41078,0.04065,-21.851398,3.790667,4
1.41062,0.03942,-21.851398,3.790667,4
1.41054,0.03774,-21.851398,3.790667,4
1.41048,0.03535,-21.851398,3.790667,4
1.41034,0.03369,-21.851398,3.790667,4
1.41021,0.03165,-21.851398,3.790667,4
1.41006,0.02948,-21.851398,3.790667,4
1.40992,0.02691,-21.851398,3.790667,4
1.40977,0.02316,-21.851398,3.790667,4
1.40959,0.01892,-21.851398,3.790667,4
1.40943,0.01481,-21.851398,3.790667,4
1.40925,0.01166,-21.851398,3.790667,4
1.40913,0.00938,-21.851398,3.790667,4
1.40891,0.0086,-21.851398,3.790667,4
1.40893,0.0082,-21.851398,3.790667,4
1.40897,0.0064,-21.851398,3.790667,4
1.40893,0.00335,-21.851398,3.790667,4
1.40878,-1.5E-4,-21.851398,3.790667,4
1.40861,-0.0034,-21.851398,3.790667,4
1.40865,-0.00617,-21.851398,3.790667,4
1.40872,-0.0077,-21.851398,3.790667,4
1.40889,-0.0094,-21.851398,3.790667,4
1.40887,-0.01159,-21.851398,3.790667,4
1.4087,-0.0136,-21.851398,3.790667,4
1.40841,-0.01566,-21.851398,3.790667,4
1.40837,-0.01816,-21.851398,3.790667,4
1.40848,-0.02043,-21.851398,3.790667,4
1.40864,-0.02236,-21.851398,3.790667,4
1.40896,-0.02432,-21.851398,3.790667,4
1.40929,-0.02704,-21.851398,3.790667,4
1.40938,-0.03175,-21.851398,3.790667,4
1.40931,-0.03718,-21.851398,3.790667,4
1.40913,-0.04271,-21.851398,3.790667,4
1.40882,-0.04804,-21.851398,3.790667,4
1.40854,-0.05448,-21.851398,3.790667,4
1.40839,-0.06199,-21.851398,3.790667,4
1.40826,-0.06991,-21.851398,3.790667,4
1.40824,-0.07642,-21.851398,3.790667,4
1.40818,-0.08137,-21.851398,3.790667,4
1.40824,-0.08446,-21.851398,3.790667,4
1.40835,-0.08594,-21.851398,3.790667,4
1.40841,-0.08567,-21.851398,3.790667,4
1.4084,-0.0856,-21.851398,3.790667,4
1.40816,-0.08621,-21.851398,3.790667,4
1.40784,-0.08732,-21.851398,3.790667,4
1.40761,-0.08854,-21.851398,3.790667,4
1.4074,-0.08816,-21.851398,3.790667,4
1.40727,-0.08713,-21.851398,3.790667,4
1.40721,-0.0872,-21.851398,3.790667,4
1.40731,-0.08798,-21.851398,3.790667,4
1.40727,-0.08812,-21.851398,3.790667,4
1.40735,-0.08895,-21.851398,3.790667,4
1.40735,-0.09077,-21.851398,3.790667,4
1.40727,-0.09209,-21.851398,3.790667,4
1.40712,-0.09274,-21.851398,3.790667,4
1.40669,-0.09289,-21.851398,3.790667,4
1.40632,-0.09479,-21.851398,3.790667,4
1.40612,-0.09468,-21.851398,3.790667,4
1.40623,-0.09405,-21.851398,3.790667,4
1.40656,-0.09508,-21.851398,3.790667,4
1.40695,-0.09703,-21.851398,3.790667,4
1.40733,-0.10101,-21.851398,3.790667,4
1.40751,-0.10571,-21.851398,3.790667,4
1.40761,-0.11187,-21.851398,3.790667,4
1.40767,-0.11675,-21.851398,3.790667,4
1.4076,-0.11999,-21.851398,3.790667,4
1.40743,-0.12126,-21.851398,3.790667,4
1.40729,-0.12108,-21.851398,3.790667,4
1.40729,-0.12107,-21.851398,3.790667,4
1.40728,-0.12153,-21.851398,3.790667,4
1.40726,-0.12338,-21.851398,3.790667,4
1.40723,-0.12564,-21.851398,3.790667,4
1.40715,-0.12707,-21.851398,3.790667,4
1.40704,-0.12722,-21.851398,3.790667,4
1.40706,-0.12673,-21.851398,3.790667,4
1.40717,-0.12634,-21.851398,3.790667,4
1.40711,-0.12508,-21.851398,3.790667,4
1.40702,-0.12417,-21.851398,3.790667,4
1.40702,-0.12473,-21.851398,3.790667,4
1.40712,-0.12711,-21.851398,3.790667,4
1.40723,-0.12917,-21.851398,3.790667,4
1.40725,-0.13085,-21.851398,3.790667,4
1.40731,-0.13353,-21.851398,3.790667,4
1.40743,-0.13463,-21.851398,3.790667,4
1.40755,-0.1335,-21.851398,3.790667,4
1.40753,-0.13227,-21.851398,3.790667,4
1.40745,-0.13002,-21.851398,3.790667,4
1.40731,-0.12975,-21.851398,3.790667,4
1.40733,-0.13257,-21.851398,3.790667,4
1.40747,-0.13784,-21.851398,3.790667,4
1.40763,-0.14384,-21.851398,3.790667,4
1.40784,-0.14877,-21.851398,3.790667,4
1.40802,-0.1524,-21.851398,3.790667,4
1.40806,-0.15398,-21.851398,3.790667,4
1.40794,-0.15363,-21.851398,3.790667,4
1.40786,-0.15358,-21.851398,3.790667,4
1.40778,-0.15236,-21.851398,3.790667,4
1.40762,-0.15029,-21.851398,3.790667,4
1.40736,-0.14886,-21.851398,3.790667,4
1.40722,-0.14811,-21.851398,3.790667,4
1.40711,-0.14716,-21.851398,3.790667,4
1.40705,-0.14716,-21.851398,3.790667,4
1.40692,-0.14854,-21.851398,3.790667,4
1.40683,-0.15038,-21.851398,3.790667,4
1.4069,-0.15309,-21.851398,3.790667,4
1.40696,-0.15545,-21.851398,3.790667,4
1.40705,-0.15569,-21.851398,3.790667,4
1.40719,-0.15309,-21.851398,3.790667,4
1.40716,-0.14919,-21.851398,3.790667,4
1.40696,-0.14512,-21.851398,3.790667,4
1.4067,-0.14116,-21.851398,3.790667,4
1.40651,-0.13774,-21.851398,3.790667,4
1.40652,-0.13412,-21.851398,3.790667,4
1.4066,-0.12987,-21.851398,3.790667,4
1.4068,-0.12398,-21.851398,3.790667,4
1.40692,-0.11841,-21.851398,3.790667,4
1.407,-0.11569,-21.851398,3.790667,4
1.40715,-0.11862,-21.851398,3.790667,4
1.40726,-0.1247,-21.851398,3.790667,4
1.40727,-0.13155,-21.851398,3.790667,4
1.4073,-0.1401,-21.851398,3.790667,4
1.4073,-0.14618,-21.851398,3.790667,4
1.40725,-0.14976,-21.851398,3.790667,4
1.40719,-0.15058,-21.851398,3.790667,4
1.40692,-0.14926,-21.851398,3.790667,4
1.40676,-0.14576,-21.851398,3.790667,4
1.40661,-0.14134,-21.851398,3.790667,4
